{
  "model_type": "ridge_regression",
  "target": "convergence_delta",
  "feature_names": [
    "perimeter",
    "area",
    "angle_variance",
    "mean_historian_distance",
    "abstract_distance_variance",
    "mean_pairwise_abstract_similarity",
    "bias_score",
    "dominant_historian_position"
  ],
  "coefficients": [
    0.0008609590955939383,
    0.005186470646088176,
    0.000478300749458071,
    0.0008439686487649706,
    0.006917377674711498,
    -0.027000922588073455,
    0.0022889924066776387,
    -0.009453273913073377
  ],
  "intercept": 0.1085819341407882,
  "alpha": 10.0,
  "scaler_mean": [
    1.4675308179855346,
    0.09613474758051718,
    0.11772385681997048,
    0.1798119878768921,
    0.005194816157915229,
    0.35799380696482125,
    0.028052287790017345,
    1.7533333333333334
  ],
  "scaler_scale": [
    0.25509850622562036,
    0.03645398077426918,
    0.12166659692279287,
    0.03425886436853915,
    0.007387008676611291,
    0.09001277462558879,
    0.01740942149822099,
    0.8401322647192061
  ]
}