{
  "n_samples": 207,
  "baseline_features": [
    "perimeter",
    "area",
    "angle_variance",
    "mean_historian_distance"
  ],
  "extended_features": [
    "perimeter",
    "area",
    "angle_variance",
    "mean_historian_distance",
    "abstract_distance_variance",
    "mean_pairwise_abstract_similarity",
    "bias_score",
    "dominant_historian_position"
  ],
  "source_features": [
    "mean_source_embedding_distance",
    "source_embedding_variance"
  ],
  "full_features": [
    "perimeter",
    "area",
    "angle_variance",
    "mean_historian_distance",
    "abstract_distance_variance",
    "mean_pairwise_abstract_similarity",
    "bias_score",
    "dominant_historian_position",
    "mean_source_embedding_distance",
    "source_embedding_variance"
  ],
  "baseline_model": {
    "n_features": 4,
    "n_samples_used": 207,
    "r2": 0.11794289656666723,
    "mae": 0.04056091993061171,
    "rmse": 0.051525812894945344,
    "cv_r2_mean": -0.03920793570588512,
    "cv_r2_std": 0.15827499546064303,
    "alpha": 0.01
  },
  "extended_model": {
    "n_features": 8,
    "n_samples_used": 207,
    "r2": 0.4683681531806162,
    "mae": 0.03252281297566274,
    "rmse": 0.040002026731193,
    "cv_r2_mean": 0.3230508621697498,
    "cv_r2_std": 0.09729091604217655,
    "alpha": 0.01
  },
  "full_model": {
    "n_features": 10,
    "n_samples_used": 207,
    "r2": 0.47576740636089765,
    "mae": 0.03215359747422749,
    "rmse": 0.03972267718170976,
    "cv_r2_mean": 0.3160470783134774,
    "cv_r2_std": 0.1022547253662085,
    "alpha": 0.01
  },
  "extended_improvement": {
    "delta_r2": 0.35042525661394897,
    "delta_mae": -0.008038106954948963,
    "pct_r2_improvement": 297.11433822203196
  },
  "source_improvement": {
    "delta_r2": 0.007399253180281451,
    "delta_mae": -0.00036921550143525356,
    "pct_r2_improvement": 1.5797942558720655,
    "interpretation": "Positive delta_r2 means source embeddings improve prediction"
  }
}