{
  "model_type": "ridge_regression",
  "target": "convergence_delta",
  "feature_names": [
    "perimeter",
    "area",
    "angle_variance",
    "mean_historian_distance",
    "abstract_distance_variance",
    "mean_pairwise_abstract_similarity",
    "bias_score",
    "dominant_historian_position"
  ],
  "coefficients": [
    0.00023150139424569477,
    0.0009039652151252151,
    -0.0014690917715067756,
    0.00023355713644157314,
    0.001581386763120223,
    -0.0021700116610788188,
    0.0006664007239828675,
    0.0018444577994651697
  ],
  "intercept": 0.05148007969061535,
  "alpha": 100.0,
  "scaler_mean": [
    2.496459612250328,
    0.293459548738079,
    0.019819025053485477,
    0.33276355067888896,
    0.0069884653007157155,
    0.39583658128976823,
    0.02833032068761161,
    1.6
  ],
  "scaler_scale": [
    0.03090448740292659,
    0.009158345827594873,
    0.01380328942718403,
    0.00517132064173503,
    0.00833264615271352,
    0.11225913926650237,
    0.019681597585127893,
    0.9165151389911679
  ]
}