{
  "model_type": "ridge_regression",
  "target": "convergence_delta",
  "feature_names": [
    "perimeter",
    "area",
    "angle_variance",
    "mean_historian_distance",
    "abstract_distance_variance",
    "mean_pairwise_abstract_similarity",
    "bias_score",
    "dominant_historian_position",
    "mean_source_embedding_distance",
    "source_embedding_variance"
  ],
  "coefficients": [
    -0.23299756706295843,
    -0.061852111342336896,
    -0.02609350109950888,
    0.28802030384665006,
    0.00731780368918773,
    -0.03285718436546512,
    -0.0037781582278247805,
    0.001216891681700455,
    -0.0009858113518934886,
    0.004979121669692508
  ],
  "intercept": 0.10390683264739954,
  "alpha": 0.01,
  "scaler_mean": [
    2.2850336867254137,
    0.2393910093727895,
    0.043774236606245305,
    0.2986135564372543,
    0.0046253759392157244,
    0.33906492797864807,
    0.02779623964019838,
    1.8647342995169083,
    0.6340071380426342,
    0.027888112269557903
  ],
  "scaler_scale": [
    0.10384508589849059,
    0.024228556763083095,
    0.029563473842017667,
    0.016485784873004478,
    0.005202965618319508,
    0.08711166357160322,
    0.015540880581634699,
    0.8230160169679944,
    0.06037262954878743,
    0.009766728132993424
  ]
}